idx,epoch,kst,http_code,time_total,remote_ip,remote_port
1,1771570551,2026-02-20 15:55:51 KST,200,3.242978,192.168.50.166,30080
2,1771570569,2026-02-20 15:56:09 KST,200,16.150705,192.168.50.166,30080
3,1771570573,2026-02-20 15:56:13 KST,200,3.598616,192.168.50.166,30080
4,1771570579,2026-02-20 15:56:19 KST,200,4.471581,192.168.50.166,30080
5,1771570585,2026-02-20 15:56:25 KST,200,5.424126,192.168.50.166,30080
6,1771570591,2026-02-20 15:56:31 KST,200,4.569156,192.168.50.166,30080
7,1771570610,2026-02-20 15:56:50 KST,200,17.407961,192.168.50.166,30080
8,1771570630,2026-02-20 15:57:10 KST,200,18.907338,192.168.50.166,30080
9,1771570656,2026-02-20 15:57:36 KST,200,24.612222,192.168.50.166,30080
10,1771570682,2026-02-20 15:58:02 KST,200,25.517785,192.168.50.166,30080
11,1771570685,2026-02-20 15:58:05 KST,200,1.607938,192.168.50.166,30080
12,1771570690,2026-02-20 15:58:10 KST,200,4.316504,192.168.50.166,30080
13,1771570693,2026-02-20 15:58:13 KST,200,1.128475,192.168.50.166,30080
14,1771570698,2026-02-20 15:58:18 KST,200,4.138819,192.168.50.166,30080
15,1771570703,2026-02-20 15:58:23 KST,200,4.354812,192.168.50.166,30080
16,1771570709,2026-02-20 15:58:29 KST,200,4.618576,192.168.50.166,30080
17,1771570729,2026-02-20 15:58:49 KST,200,18.641171,192.168.50.166,30080
18,1771570735,2026-02-20 15:58:55 KST,200,4.676077,192.168.50.166,30080
19,1771570741,2026-02-20 15:59:01 KST,200,5.227424,192.168.50.166,30080
20,1771570764,2026-02-20 15:59:24 KST,200,21.560194,192.168.50.166,30080
21,1771570766,2026-02-20 15:59:26 KST,200,1.370371,192.168.50.166,30080
22,1771570775,2026-02-20 15:59:35 KST,200,8.045600,192.168.50.166,30080
23,1771570778,2026-02-20 15:59:38 KST,200,1.129277,192.168.50.166,30080
24,1771570797,2026-02-20 15:59:57 KST,200,18.268828,192.168.50.166,30080
25,1771570803,2026-02-20 16:00:03 KST,200,4.653011,192.168.50.166,30080
26,1771570823,2026-02-20 16:00:23 KST,200,18.843110,192.168.50.166,30080
27,1771570847,2026-02-20 16:00:47 KST,200,23.275661,192.168.50.166,30080
28,1771570853,2026-02-20 16:00:53 KST,200,4.589194,192.168.50.166,30080
29,1771570860,2026-02-20 16:01:00 KST,200,5.423105,192.168.50.166,30080
30,1771570885,2026-02-20 16:01:25 KST,200,23.765307,192.168.50.166,30080
