idx,epoch,kst,http_code,time_total,remote_ip,remote_port
1,1771571878,2026-02-20 16:17:58 KST,200,1.518802,worker-c,30080
2,1771571884,2026-02-20 16:18:04 KST,200,4.366917,worker-c,30080
3,1771571888,2026-02-20 16:18:08 KST,200,3.226982,worker-c,30080
4,1771571909,2026-02-20 16:18:29 KST,200,19.477218,worker-c,30080
5,1771571914,2026-02-20 16:18:34 KST,200,4.398726,worker-c,30080
6,1771571920,2026-02-20 16:18:40 KST,200,4.266306,worker-c,30080
7,1771571925,2026-02-20 16:18:45 KST,200,4.659199,worker-c,30080
8,1771571931,2026-02-20 16:18:51 KST,200,4.992603,worker-c,30080
9,1771571939,2026-02-20 16:18:59 KST,200,5.954717,worker-c,30080
10,1771571946,2026-02-20 16:19:06 KST,200,6.069874,worker-c,30080
11,1771571948,2026-02-20 16:19:08 KST,200,1.216428,worker-c,30080
12,1771571954,2026-02-20 16:19:14 KST,200,4.428420,worker-c,30080
13,1771571956,2026-02-20 16:19:16 KST,200,1.168762,worker-c,30080
14,1771571961,2026-02-20 16:19:21 KST,200,4.008506,worker-c,30080
15,1771571981,2026-02-20 16:19:41 KST,200,19.120590,worker-c,30080
16,1771571987,2026-02-20 16:19:47 KST,200,4.294091,worker-c,30080
17,1771571992,2026-02-20 16:19:52 KST,200,4.421487,worker-c,30080
18,1771571998,2026-02-20 16:19:58 KST,200,4.393586,worker-c,30080
19,1771572005,2026-02-20 16:20:05 KST,200,5.650551,worker-c,30080
20,1771572011,2026-02-20 16:20:11 KST,200,5.384129,worker-c,30080
21,1771572016,2026-02-20 16:20:16 KST,200,3.528565,worker-c,30080
22,1771572037,2026-02-20 16:20:37 KST,200,20.233688,worker-c,30080
23,1771572040,2026-02-20 16:20:40 KST,200,1.171263,worker-c,30080
24,1771572045,2026-02-20 16:20:45 KST,200,4.108147,worker-c,30080
25,1771572068,2026-02-20 16:21:08 KST,200,21.696665,worker-c,30080
26,1771572093,2026-02-20 16:21:33 KST,200,23.984633,worker-c,30080
27,1771572099,2026-02-20 16:21:39 KST,200,4.709595,worker-c,30080
28,1771572121,2026-02-20 16:22:01 KST,200,21.713181,worker-c,30080
29,1771572128,2026-02-20 16:22:08 KST,200,5.642399,worker-c,30080
30,1771572159,2026-02-20 16:22:39 KST,200,29.237074,worker-c,30080
